2,HD 105       ,7.51,0.069,0.123,-0.017,0.046,0.48,0.91,
4,HD 166       ,6.07,0.013,0.079,0.001,0.054,0.46,0.93,
6,HD 377       ,7.59,0.12,0.225,0.038,0.127,0.42,0.85,
10,HD 691       ,7.95,0.102,0.125,0.107,0.167,0.51,0.91,
12,HD 1388      ,6.51,0.003,-0.009,0.025,0.007,0.55,1.09,
13,HD 1461      ,6.47,0.131,0.098,0.156,0.161,0.58,1.04,2
22,HD 2589      ,6.18,-0.058,0.103,-0.009,-0.117,0.37,1.34,
30,HD 3795      ,6.14,-0.511,-0.202,-0.457,-0.399,0.26,0.92,
34,HD 4208      ,7.78,-0.226,-0.144,-0.206,-0.233,0.45,1.11,1
36,HD 4203      ,8.7,0.307,0.317,0.307,0.317,0.52,1.02,2
39,HD 4307      ,6.15,-0.167,-0.04,-0.182,-0.196,0.4,1.08,
40,HD 4628      ,5.74,-0.142,-0.065,-0.184,-0.182,0.45,1.04,
41,HD 4614      ,3.46,-0.15,-0.08,-0.186,-0.191,0.46,1.06,
42,HD 4747      ,7.15,-0.219,-0.114,-0.21,-0.219,0.42,1.07,
43,HD 4915      ,6.98,-0.183,-0.107,-0.167,-0.167,0.45,1.05,
46,HD 5133      ,7.15,-0.071,-0.05,-0.076,-0.021,0.51,0.92,
50,HD 6558      ,8.2,0.22,0.307,0.225,0.288,0.44,0.9,
56,HD 6963      ,7.66,-0.197,-0.079,-0.211,-0.175,0.41,0.96,
62,HIP 5938     ,7.55,-0.025,0.023,-0.039,0.026,0.48,0.9,
65,HD 8038      ,8.41,0.091,0.073,0.115,0.147,0.56,0.97,
66,HIP 6276     ,8.43,-0.068,0.017,-0.11,-0.026,0.44,0.86,
67,HD 7924      ,7.17,-0.176,-0.123,-0.124,-0.113,0.48,1.02,3
71,HD 8574      ,7.12,0.018,0.102,0.019,0.011,0.44,1.07,1
74,HD 8765      ,8.14,0.127,0.195,0.115,0.175,0.46,0.91,
81,HD 9540      ,6.97,-0.096,-0.037,-0.087,-0.045,0.47,0.95,
82,HD 9472      ,7.63,-0.046,-0.043,-0.06,-0.049,0.53,1.02,
83,HD 9562      ,5.75,0.137,0.229,0.159,0.181,0.43,0.99,
84,HD 9407      ,6.52,0.001,-0.003,0.027,0.023,0.54,1.06,
87,HD 9986      ,6.77,0.037,0.092,0.061,0.069,0.47,1.03,
93,HD 10145     ,7.7,-0.034,0.048,0.003,-0.016,0.44,1.09,
95,HD 10476     ,5.24,-0.062,0.011,-0.026,-0.012,0.45,1.02,
96,HD 10700     ,3.49,-0.325,-0.043,-0.323,-0.318,0.28,1.04,
97,HD 10697     ,6.27,0.061,0.117,0.072,0.055,0.47,1.09,1
99,HD 10780     ,5.63,-0.024,0.021,0.003,0.031,0.48,0.98,
104,HD 11850     ,7.85,-0.031,-0.01,-0.026,0.024,0.51,0.93,
105,HD 11964 A   ,6.42,0.005,0.068,0.062,0.016,0.46,1.16,2
106,HD 12051     ,7.14,0.126,0.165,0.159,0.159,0.49,1.05,
107,HD 12235     ,5.89,0.221,0.355,0.248,0.296,0.39,0.94,
111,HD 12661     ,7.43,0.259,0.257,0.267,0.306,0.54,0.96,
112,HD 12846     ,6.89,-0.2,-0.108,-0.178,-0.188,0.43,1.07,
113,HD 13043     ,6.88,0.061,0.157,0.079,0.089,0.43,1.02,
116,HD 13357     ,7.63,-0.045,-0.035,-0.029,-0.043,0.52,1.08,
122,HD 13579     ,7.13,0.236,0.213,0.243,0.278,0.57,0.97,
123,HD 13931     ,7.61,0.044,0.089,0.065,0.041,0.48,1.11,1
126,HD 14412     ,6.33,-0.424,-0.272,-0.389,-0.409,0.38,1.1,
127,HD 15335     ,5.89,-0.103,0.042,-0.11,-0.114,0.38,1.06,
128,HD 16141     ,6.83,0.057,0.125,0.082,0.08,0.46,1.05,1
130,HD 16287     ,8.1,0.105,0.098,0.095,0.147,0.55,0.93,
132,HD 16275     ,8.66,0.221,0.251,0.25,0.287,0.5,0.96,
133,HD 16397     ,7.36,-0.315,-0.038,-0.331,-0.313,0.28,1,
135,HD 16623     ,8.76,-0.273,0.01,-0.27,-0.35,0.28,1.26,
139,HD 17190     ,7.89,-0.083,-0.021,-0.064,-0.058,0.47,1.03,
142,HD 18143     ,7.52,0.242,0.252,0.237,0.22,0.52,1.09,
144,HD 18445     ,7.84,0.027,0.059,-0.092,-0.002,0.5,0.85,
146,HD 18632     ,7.97,0.141,0.144,0.151,0.197,0.53,0.94,
148,HD 18803     ,6.62,0.046,0.079,0.078,0.093,0.5,1.01,
149,HD 19034     ,8.08,-0.273,0.117,-0.229,-0.248,0.22,1.09,
150,HD 19467     ,7,-0.043,0.14,-0.021,-0.06,0.35,1.15,
151,HD 19308     ,7.36,0.132,0.167,0.126,0.124,0.5,1.05,
153,HD 19373     ,4.05,0.099,0.176,0.115,0.118,0.45,1.04,
155,HD 19994     ,5.07,0.171,0.345,0.183,0.232,0.36,0.94,1
157,HD 20165     ,7.83,-0.013,0.029,0.006,0.008,0.49,1.04,
160,HD 20619     ,7.05,-0.171,-0.097,-0.172,-0.179,0.45,1.06,
165,HD 21019     ,6.2,-0.422,-0.286,-0.393,-0.415,0.39,1.1,
167,HD 21313     ,8.18,0.19,0.253,0.201,0.229,0.46,0.98,
169,HD 21774     ,8.08,0.184,0.216,0.189,0.186,0.5,1.06,
171,GJ 144       ,,-0.063,-0.017,-0.084,-0.024,0.48,0.91,1
173,HD 22282     ,8.54,0.12,0.18,0.123,0.105,0.47,1.09,
180,HD 23249     ,3.52,0.067,0.11,0.122,0.059,0.49,1.21,
183,HD 23439     ,7.67,-0.472,-0.077,-0.704,-0.653,0.22,0.93,
184,HD 23596     ,7.25,0.213,0.293,0.222,0.278,0.45,0.92,1
186,HD 24040     ,7.5,0.143,0.196,0.168,0.159,0.48,1.07,1
187,HD 24213     ,6.77,0.049,0.171,0.084,0.106,0.41,1,
188,HD 24365     ,7.89,-0.33,-0.202,-0.232,-0.31,0.4,1.25,
189,HD 24496     ,6.81,-0.085,-0.032,-0.04,-0.036,0.47,1.04,
191,HD 24238     ,7.84,-0.045,0.182,-0.237,-0.25,0.32,1.08,
193,HD 24892     ,6.88,-0.243,0.013,-0.195,-0.262,0.3,1.22,
199,HD 25680     ,5.9,0.035,0.038,0.023,0.035,0.53,1.02,
201,HD 26151     ,8.49,0.211,0.224,0.225,0.243,0.52,1.01,
207,HD 26965     ,4.43,-0.02,0.185,-0.107,-0.119,0.33,1.08,
213,HD 28005     ,6.72,0.257,0.283,0.271,0.28,0.51,1.03,
219,HD 29461     ,7.96,0.143,0.161,0.146,0.18,0.51,0.97,
220,HD 29528     ,8.93,0.083,0.16,0.118,0.107,0.45,1.07,
226,HD 30495     ,5.49,-0.019,-0.006,0,-0.004,0.52,1.06,
229,HD 30339     ,8.21,0.212,0.246,0.232,0.262,0.5,0.98,
232,HD 30708     ,6.78,0.129,0.155,0.136,0.143,0.51,1.03,
233,HD 30649     ,6.94,-0.282,-0.186,-0.315,-0.281,0.43,0.97,
236,HD 31253     ,7.13,0.109,0.286,0.131,0.169,0.36,0.96,1
239,HD 31412     ,7.02,0.097,0.137,0.098,0.093,0.49,1.06,
241,HD 31966     ,6.75,0.047,0.185,0.085,0.063,0.39,1.1,
245,HD 32923     ,4.91,-0.114,0.123,-0.087,-0.112,0.31,1.11,
246,HD 33021     ,6.15,-0.115,0.097,-0.069,-0.101,0.33,1.13,
247,HD 32963     ,7.6,0.047,0.107,0.065,0.079,0.47,1.02,1
252,HD 33636     ,7,-0.052,-0.04,-0.055,-0.051,0.52,1.04,
254,HD 34445     ,7.31,0.073,0.152,0.08,0.089,0.45,1.02,1
255,HD 34721     ,5.96,-0.033,0.066,-0.046,-0.044,0.43,1.04,
256,HD 34411     ,4.69,0.089,0.127,0.108,0.1,0.49,1.07,
257,HD 34745     ,7,-0.026,0.08,-0.035,-0.051,0.42,1.08,
258,HD 34575     ,7.09,0.227,0.261,0.227,0.239,0.5,1.02,
259,HD 35627     ,7.49,0.027,0.166,0.02,0.027,0.39,1.03,
262,HD 35974     ,7.18,-0.114,0.05,-0.143,-0.162,0.37,1.09,
266,HD 36308     ,8.4,-0.038,0.078,-0.077,-0.055,0.41,0.99,
268,HD 37213     ,8.22,-0.393,-0.211,-0.391,-0.452,0.35,1.21,
270,HD 37124     ,7.68,-0.26,0.075,-0.223,-0.213,0.25,1.02,3
272,HD 37008     ,7.74,-0.071,0.15,-0.226,-0.222,0.32,1.04,
275,HD 37962     ,7.84,-0.175,-0.113,-0.184,-0.189,0.47,1.06,
276,HD 37394     ,6.21,0.023,0.038,0.041,0.088,0.52,0.94,
280,HD 37006     ,8.2,-0.079,-0.007,-0.089,-0.051,0.45,0.96,
282,HD 38529     ,5.95,0.247,0.266,0.229,0.261,0.51,0.97,2
283,HD 38949     ,7.8,-0.006,-0.017,-0.026,-0.026,0.55,1.05,
284,HD 38858     ,5.97,-0.162,-0.109,-0.168,-0.196,0.48,1.12,
288,HD 39587     ,4.39,0.024,0.069,0.011,0.017,0.48,1.03,
290,HD 39881     ,6.6,-0.039,0.148,-0.005,-0.02,0.35,1.08,
291,HD 40397     ,6.99,-0.064,0.102,-0.014,-0.051,0.37,1.14,
297,HD 42618     ,6.85,-0.106,-0.054,-0.103,-0.09,0.48,1.02,
300,HD 42250     ,7.43,0.028,0.158,0.047,0.031,0.4,1.09,
302,HD 43745     ,6.05,0.076,0.26,0.034,0.083,0.35,0.94,
305,HD 43947     ,6.61,-0.154,-0.062,-0.182,-0.2,0.43,1.09,
307,HD 44420     ,7.63,0.238,0.227,0.247,0.283,0.55,0.97,
311,HD 45184     ,6.37,0.029,0.016,0.046,0.055,0.55,1.02,
312,HD 45067     ,5.88,-0.066,0.166,-0.069,-0.081,0.32,1.08,
313,HD 44985     ,7.01,-0.007,0.063,-0.023,-0.036,0.46,1.08,
314,HD 45588     ,6.05,0.013,0.037,0.015,-0.004,0.51,1.1,
315,HD 45350     ,7.89,0.19,0.262,0.226,0.234,0.46,1.03,1
317,HD 46375     ,7.91,0.196,0.219,0.225,0.234,0.51,1.03,1
318,HD 47157     ,7.61,0.255,0.262,0.297,0.33,0.53,0.97,
321,HD 48938     ,6.43,-0.245,-0.181,-0.308,-0.303,0.46,1.03,
322,HD 48682     ,5.24,0.085,0.149,0.104,0.126,0.46,1,
324,HD 49674     ,8.1,0.137,0.163,0.203,0.24,0.51,0.96,1
325,HD 50499     ,7.21,0.242,0.343,0.279,0.323,0.43,0.95,1
327,HD 50806     ,6.05,0.062,0.198,0.091,0.033,0.39,1.2,
328,HD 50639     ,7.05,0.028,0.088,0.016,0.03,0.47,1.02,
329,HD 50554     ,6.84,0.02,0.05,0.025,0.014,0.5,1.07,1
330,HD 50692     ,5.74,-0.096,-0.05,-0.108,-0.116,0.48,1.07,
332,HD 51219     ,7.41,-0.023,0.019,0.007,-0.012,0.49,1.09,
334,HD 51419     ,6.94,-0.272,-0.119,-0.257,-0.273,0.38,1.09,
335,HD 52265     ,6.29,0.046,0.252,0.174,0.178,0.33,1.04,1
336,HD 52456     ,8.16,-0.01,0.042,0.002,0.016,0.48,1.01,
337,HD 52711     ,5.93,-0.095,-0.039,-0.094,-0.085,0.47,1.03,
344,HD 56274     ,7.74,-0.374,-0.305,-0.421,-0.464,0.46,1.16,
345,HD 56303     ,7.34,0.114,0.134,0.152,0.134,0.51,1.09,
349,HD 58781     ,7.24,0.057,0.065,0.075,0.069,0.53,1.06,
350,HD 59747     ,7.68,-0.008,0.031,-0.02,0.038,0.49,0.92,
351,HD 60491     ,8.16,-0.154,-0.091,-0.199,-0.127,0.46,0.89,
354,HD 61606     ,7.18,-0.005,-0.026,-0.002,0.087,0.56,0.85,
356,HD 63754     ,6.54,0.156,0.356,0.153,0.193,0.34,0.96,
361,HD 65430     ,7.68,0.06,0.208,-0.021,-0.032,0.38,1.07,
362,HD 65583     ,6.97,-0.364,0.018,-0.459,-0.449,0.22,1.02,
364,HD 66428     ,8.25,0.235,0.265,0.236,0.254,0.5,1,1
365,HD 67458     ,6.8,-0.121,-0.092,-0.126,-0.119,0.5,1.03,
368,HD 66171     ,8.18,-0.195,-0.11,-0.202,-0.216,0.44,1.08,
369,HD 67767     ,5.73,-0.131,0.002,-0.035,-0.09,0.4,1.19,
370,HD 68017     ,6.78,-0.268,0.048,-0.219,-0.234,0.26,1.09,
371,HD 68168     ,7.34,0.061,0.058,0.103,0.104,0.54,1.05,
372,HD 68978     ,6.7,0.051,0.081,0.053,0.044,0.5,1.07,
375,HD 68988     ,8.2,0.225,0.265,0.263,0.318,0.49,0.92,1
376,HD 69830     ,5.95,-0.079,-0.025,-0.042,-0.027,0.47,1.01,3
377,HD 69809     ,7.86,0.248,0.223,0.245,0.267,0.57,0.99,
384,HD 71334     ,7.81,-0.074,-0.036,-0.03,-0.061,0.49,1.12,
385,HD 71479     ,7.17,0.187,0.254,0.208,0.213,0.46,1.03,
387,HD 71881     ,7.44,0.013,0.033,0.013,0.004,0.51,1.07,
388,HD 72673     ,6.38,-0.296,-0.153,-0.287,-0.307,0.39,1.1,
392,HD 72760     ,7.32,-0.016,0.05,-0.004,0.034,0.46,0.96,
402,HD 74156     ,7.61,0.082,0.2,0.092,0.111,0.41,1,2
407,HD 75732     ,5.96,0.315,0.317,0.321,0.334,0.53,1.02,5
411,HD 76218     ,7.69,-0.076,0,-0.079,-0.041,0.45,0.96,
413,HD 76909     ,7.84,0.277,0.278,0.29,0.299,0.54,1.03,
416,HD 78366     ,5.95,0.058,0.072,0.056,0.048,0.52,1.07,
419,HD 80367     ,8.15,0.161,0.254,0.111,0.073,0.43,1.14,
421,HD 80606     ,9.06,0.266,0.261,0.266,0.308,0.54,0.95,1
425,HD 233641    ,9.24,-0.122,0.047,-0.113,-0.136,0.36,1.11,
427,HD 82943     ,6.54,0.207,0.222,0.225,0.263,0.52,0.96,2
428,HD 83443     ,8.23,0.315,0.297,0.325,0.347,0.56,0.99,1
431,HD 84737     ,5.08,0.082,0.205,0.12,0.114,0.4,1.06,
433,HD 85301     ,7.74,0.041,0.09,0.044,0.077,0.48,0.97,
436,HD 86728     ,5.37,0.15,0.178,0.207,0.201,0.5,1.06,
438,HD 87424     ,8.15,-0.112,-0.075,-0.102,-0.03,0.49,0.89,
439,HD 87836     ,7.49,0.246,0.28,0.248,0.276,0.5,0.98,
440,HD 87883     ,7.56,0.099,0.097,0.115,0.12,0.54,1.03,1
449,HD 89269     ,6.66,-0.175,-0.141,-0.146,-0.152,0.5,1.06,
451,HD 90156     ,6.92,-0.246,-0.193,-0.18,-0.187,0.48,1.06,1
453,HD 90711     ,7.89,0.202,0.202,0.222,0.249,0.54,0.98,
455,HD 90905     ,6.88,0.055,0.153,0.037,0.057,0.43,1,
461,HD 92788     ,7.31,0.198,0.181,0.225,0.241,0.56,1.01,1
462,HD 92945     ,7.72,-0.044,-0.031,-0.037,0.036,0.52,0.88,
464,HD 92855     ,7.28,0.042,0.13,-0.01,-0.013,0.44,1.05,
471,BD-10 3166   ,10,0.268,0.274,0.29,0.311,0.53,1,1
472,HD 95128     ,5.03,0.036,0.072,0.043,0.026,0.49,1.09,3
473,HD 95188     ,8.49,-0.11,0.025,-0.12,-0.065,0.39,0.92,
477,HD 96700     ,6.51,-0.126,-0.046,-0.137,-0.155,0.45,1.09,
480,HD 97343     ,7.05,-0.009,0.133,0.013,-0.018,0.39,1.12,
481,HD 97334     ,6.41,0.082,0.112,0.049,0.079,0.5,0.98,
482,HD 97658     ,7.76,-0.244,-0.165,-0.216,-0.234,0.45,1.09,1
484,HD 98281     ,7.29,-0.226,-0.119,-0.168,-0.196,0.42,1.12,
486,HD 98553     ,7.54,-0.279,-0.25,-0.357,-0.337,0.5,1,
490,HD 99109     ,9.1,0.384,0.411,0.33,0.331,0.5,1.04,1
491,HD 99491     ,6.49,0.237,0.242,0.245,0.273,0.53,0.98,
494,HD 100180    ,6.27,0.036,0.053,0.035,0.037,0.52,1.04,
496,HD 100623    ,5.96,-0.296,-0.183,-0.276,-0.287,0.41,1.07,
500,HD 101501    ,5.31,-0.073,0,-0.089,-0.061,0.45,0.98,
501,HD 101959    ,6.97,-0.054,0.002,-0.078,-0.091,0.47,1.08,
502,HD 102071    ,7.97,-0.028,-0.001,-0.011,0.009,0.5,1,
505,HD 102365    ,4.89,-0.245,-0.111,-0.192,-0.231,0.39,1.15,1
515,HD 104304    ,5.54,0.214,0.212,0.211,0.223,0.54,1.02,
517,HD 104800    ,9.21,-0.474,-0.168,-0.557,-0.448,0.27,0.82,
521,HD 105631    ,7.46,0.061,0.085,0.088,0.144,0.51,0.92,
527,HD 107146    ,7.04,-0.014,0.105,-0.056,-0.064,0.41,1.07,
528,HD 107148    ,8.01,0.224,0.23,0.269,0.268,0.53,1.05,1
535,HD 108874    ,8.76,0.139,0.182,0.14,0.147,0.49,1.03,2
537,HD 109358    ,4.24,-0.155,-0.117,-0.169,-0.166,0.49,1.04,
538,HD 110537    ,7.83,0.069,0.138,0.099,0.091,0.46,1.07,
540,HD 111031    ,6.87,0.206,0.201,0.211,0.236,0.54,0.99,
542,HD 111395    ,6.29,-0.003,0.017,0.053,0.058,0.51,1.03,
549,HD 112914    ,8.6,-0.064,0.009,-0.207,-0.199,0.45,1.03,
550,HD 114174    ,6.78,0.056,0.103,0.063,0.049,0.48,1.08,
554,HD 114613    ,4.85,0.096,0.157,0.105,0.111,0.47,1.03,1
556,HD 114783    ,7.56,0.11,0.131,0.107,0.12,0.51,1.02,1
562,HD 115617    ,4.74,-0.049,-0.015,-0.018,-0.004,0.5,1.01,3
564,HD 116442    ,7.06,-0.255,-0.066,-0.296,-0.317,0.35,1.1,
565,HD 116443    ,7.35,-0.158,-0.031,-0.249,-0.279,0.4,1.12,
567,HD 117176    ,4.97,-0.114,0,-0.063,-0.098,0.41,1.14,1
569,HD 117207    ,7.26,0.148,0.139,0.145,0.165,0.55,1,1
582,HD 121320    ,7.89,-0.251,-0.139,-0.245,-0.24,0.41,1.04,
588,HD 122742    ,6.27,-0.049,-0.018,-0.015,0,0.5,1.01,
591,HD 124106    ,7.93,-0.11,-0.057,-0.091,-0.057,0.47,0.97,
592,HD 124292    ,7.05,-0.104,-0.017,-0.074,-0.096,0.44,1.1,
598,HD 125455    ,7.58,-0.124,-0.053,-0.094,-0.094,0.46,1.05,
599,HD 126053    ,6.25,-0.273,-0.157,-0.25,-0.247,0.41,1.04,
601,HD 126614    ,8.81,0.406,0.373,0.419,0.447,0.58,0.98,1
603,HD 127334    ,6.36,0.173,0.194,0.177,0.183,0.51,1.03,
606,HD 128311    ,7.48,0.099,0.074,0.081,0.176,0.57,0.84,2
608,HD 129333    ,7.6,0.008,0.218,-0.189,-0.057,0.33,0.77,
613,HD 129191    ,8.19,0.194,0.196,0.215,0.226,0.53,1.02,
614,HD 129814    ,7.52,0.013,0.035,0.034,0.011,0.51,1.1,
617,HD 130307    ,7.76,-0.105,-0.052,-0.134,-0.113,0.47,1,
618,HD 130322    ,8.04,-0.027,0.047,0.002,0.042,0.45,0.95,1
619,HD 130948    ,5.86,0.04,0.092,0.026,0.049,0.48,0.99,
625,HD 131511    ,6,0.01,0.03,0.009,0.08,0.51,0.89,
626,HD 132142    ,7.77,-0.146,0.053,-0.19,-0.203,0.34,1.08,
632,HD 133295    ,7.18,0.015,0.083,-0.009,0.007,0.46,1.01,
633,HD 134319    ,8.4,-0.017,0.034,-0.067,-0.035,0.48,0.97,
641,HD 135101 A  ,6.69,0.079,0.18,0.1,0.079,0.43,1.1,
642,HD 134987    ,6.47,0.229,0.262,0.231,0.239,0.5,1.03,2
644,HD 135599    ,6.92,-0.112,-0.075,-0.106,-0.048,0.49,0.92,
650,HD 136352    ,5.65,-0.205,0.009,-0.161,-0.176,0.33,1.08,
654,HD 136925    ,7.91,-0.155,0.088,-0.094,-0.095,0.31,1.05,
656,HD 138004    ,7.48,-0.039,-0.075,-0.096,-0.117,0.58,1.1,
657,HD 137778    ,7.57,0.171,0.184,0.164,0.205,0.52,0.95,
659,HD 139813    ,7.3,-0.065,0.019,-0.065,-0.003,0.44,0.91,
664,HD 139323    ,7.65,0.288,0.266,0.322,0.342,0.56,1,
668,HD 140913    ,8.06,0.075,0.11,0.04,0.069,0.5,0.98,
669,HD 141004    ,4.42,0.014,0.068,0.038,0.028,0.47,1.07,
673,HD 141937    ,7.25,0.094,0.105,0.099,0.116,0.52,1.01,1
675,HD 142267    ,6.07,-0.278,-0.129,-0.323,-0.34,0.38,1.09,
676,HD 142229    ,8.08,0.025,0.025,0.03,0.041,0.54,1.02,
680,HD 143006    ,10.21,0.047,0.25,-0.026,0.041,0.34,0.9,
682,HD 143761    ,5.39,-0.133,0.028,-0.121,-0.133,0.37,1.08,
684,HD 144585    ,6.32,0.207,0.244,0.274,0.283,0.49,1.03,
687,HD 145229    ,7.45,-0.081,-0.027,-0.161,-0.151,0.47,1.02,
690,HD 145675    ,6.61,0.365,0.351,0.368,0.391,0.56,0.99,1
692,HD 145958 B  ,6.68,-0.08,0.004,-0.039,-0.042,0.44,1.05,
696,HD 146361B   ,6.66,-0.022,0.012,-0.034,-0.011,0.5,0.99,
698,HD 146233    ,5.49,0.019,0.027,0.044,0.032,0.53,1.07,
712,HD 149724    ,7.85,0.29,0.304,0.299,0.34,0.52,0.95,
713,HD 149806    ,7.09,0.121,0.135,0.15,0.172,0.52,1,
720,HD 151541    ,7.56,-0.193,-0.109,-0.138,-0.152,0.44,1.08,
729,HD 152391    ,6.65,-0.062,0.021,-0.08,-0.039,0.44,0.95,
731,HD 152555    ,7.82,0.085,0.192,0.013,0.072,0.42,0.91,
732,HD 153458    ,7.98,0.062,0.064,0.068,0.096,0.53,0.98,
735,HD 154345    ,6.76,-0.154,-0.097,-0.126,-0.12,0.47,1.03,1
748,HD 157214    ,5.38,-0.192,0.106,-0.161,-0.111,0.27,0.93,
752,HD 157347    ,6.28,0.03,-0.03,0.019,0.022,0.62,1.04,
753,HD 157338    ,6.92,-0.009,0.001,-0.101,-0.069,0.52,0.97,
754,HD 158633    ,6.44,-0.367,-0.23,-0.332,-0.347,0.39,1.08,
757,HD 159222    ,6.52,0.159,0.142,0.126,0.159,0.56,0.97,
760,HD 159868    ,7.24,-0.117,-0.042,-0.065,-0.082,0.45,1.09,2
762,HD 161897    ,7.6,-0.059,-0.031,-0.033,-0.015,0.5,1,
764,HD 161797    ,3.42,0.226,0.243,0.225,0.215,0.52,1.07,
774,HD 163153    ,6.92,0.317,0.285,0.263,0.296,0.58,0.97,
777,HD 164595    ,7.07,-0.054,0.017,-0.041,-0.043,0.46,1.05,1
779,HD 164922    ,7.01,0.111,0.168,0.151,0.163,0.47,1.02,1
784,HD 166620    ,6.38,0.086,0.216,-0.044,-0.041,0.4,1.04,
789,HD 168009    ,6.3,0.012,0.078,0.024,0.02,0.46,1.06,
791,HD 168443    ,6.92,0.06,0.189,0.088,0.044,0.4,1.16,2
794,HD 168746    ,7.95,-0.056,0.128,0.02,0.003,0.35,1.09,1
801,HD 170469    ,8.21,0.227,0.28,0.248,0.288,0.48,0.96,1
804,HD 170657    ,6.81,-0.124,-0.058,-0.133,-0.12,0.46,1.02,
809,HD 172051    ,5.85,-0.229,-0.197,-0.197,-0.245,0.5,1.17,
812,HD 173701    ,7.54,0.274,0.292,0.261,0.295,0.52,0.97,
822,HD 176377    ,6.8,-0.148,-0.122,-0.184,-0.181,0.51,1.04,
828,HD 178911 B  ,6.7,0.172,0.174,0.182,0.222,0.54,0.96,1
829,HD 179957    ,5.85,0.005,0.024,0.031,0.026,0.51,1.06,
830,HD 179958    ,6.57,0.015,0.059,0.064,0.049,0.48,1.08,
834,HD 180684    ,7.02,0.052,0.22,0.02,0.06,0.36,0.96,
837,HD 181234    ,8.59,0.312,0.35,0.354,0.358,0.49,1.04,
839,HD 182488    ,6.37,0.107,0.138,0.13,0.143,0.5,1.02,
840,HD 182572    ,5.17,0.319,0.308,0.278,0.323,0.55,0.94,
841,HD 183263    ,7.86,0.215,0.277,0.237,0.283,0.47,0.94,2
846,HD 185144    ,4.67,-0.218,-0.135,-0.181,-0.195,0.44,1.08,
854,HD 186408    ,5.99,0.055,0.104,0.092,0.085,0.48,1.06,
855,HD 186427    ,6.25,0.037,0.068,0.062,0.063,0.5,1.04,1
856,HD 187123    ,7.83,0.067,0.085,0.086,0.087,0.52,1.05,2
860,HD 187923    ,6.16,-0.029,0.096,-0.042,-0.055,0.4,1.08,
861,HD 188015    ,8.24,0.203,0.163,0.223,0.238,0.59,1.01,1
862,HD 187897    ,7.14,0.105,0.096,0.116,0.126,0.55,1.02,
864,HD 188512    ,3.71,-0.224,-0.093,-0.127,-0.209,0.4,1.26,
868,HD 190067    ,7.15,-0.316,-0.145,-0.26,-0.239,0.36,1,
869,HD 190228    ,7.3,-0.336,-0.234,-0.222,-0.295,0.42,1.24,
870,HD 190360    ,5.73,0.181,0.24,0.199,0.206,0.47,1.03,2
871,HD 190404    ,7.28,-0.233,0.001,-0.374,-0.369,0.31,1.04,
872,HD 190406    ,5.8,0.063,0.06,0.061,0.055,0.54,1.06,
877,HD 191785    ,7.34,0.084,0.26,0.031,0.02,0.36,1.07,
880,HD 192263    ,7.79,0.032,0.037,0.02,0.083,0.53,0.91,1
883,HD 192310    ,5.73,0.029,0.045,0.059,0.048,0.52,1.07,2
894,HD 195019    ,6.87,0,0.093,0.019,0.015,0.43,1.06,1
896,HD 195564    ,5.66,0.007,0.067,0.03,0.014,0.47,1.09,
897,HD 196201    ,8.5,-0.199,-0.104,-0.163,-0.15,0.43,1.02,
903,HD 196761    ,6.36,-0.242,-0.176,-0.235,-0.233,0.46,1.04,
909,HD 199019    ,8.23,-0.087,-0.041,-0.091,-0.03,0.48,0.91,
910,HD 199476    ,7.81,-0.311,-0.082,-0.259,-0.272,0.32,1.08,
911,HD 198802    ,6.38,-0.038,0.044,-0.043,-0.046,0.45,1.05,
916,HD 199960    ,6.21,0.214,0.26,0.218,0.264,0.48,0.94,
917,HD 200565    ,8.39,0.005,0.06,-0.049,-0.054,0.47,1.06,
921,HD 201219    ,8.01,0.047,0.076,0.066,0.09,0.5,0.99,
926,HD 201989    ,7.38,0.068,0.091,0.059,0.085,0.51,0.99,
931,HD 202917    ,8.65,-0.009,0.168,-0.158,-0.066,0.36,0.85,
938,HD 206332    ,7.41,0.209,0.319,0.254,0.295,0.42,0.95,
939,HD 206374    ,7.45,-0.114,-0.025,-0.114,-0.081,0.44,0.97,
945,HD 208313    ,7.73,0.017,0.046,-0.001,0.026,0.5,0.98,
951,HD 209393    ,7.96,-0.164,-0.084,-0.175,-0.136,0.45,0.96,
953,HD 209458    ,7.65,0.021,0.089,0.043,0.036,0.46,1.06,1
957,HD 211681    ,8.1,0.3,0.351,0.29,0.342,0.48,0.93,
960,HD 210277    ,6.54,0.181,0.26,0.195,0.187,0.45,1.07,1
968,HD 211080    ,7.82,0.205,0.279,0.217,0.231,0.45,1.01,
970,HD 212291    ,7.91,-0.186,-0.12,-0.149,-0.157,0.46,1.07,
977,HD 213519    ,7.68,0.019,-0.01,0.016,0.009,0.57,1.06,
985,HD 216275    ,7.22,-0.072,-0.068,-0.093,-0.075,0.53,1.01,
986,HD 216259    ,8.29,-0.304,-0.1,-0.448,-0.454,0.34,1.06,
990,HD 217014    ,5.45,0.145,0.201,0.168,0.189,0.47,1,1
992,HD 217107    ,6.17,0.252,0.261,0.252,0.276,0.53,0.99,2
993,HD 217165    ,7.67,0.041,0.042,0.036,0.027,0.54,1.07,
1007,HD 218868    ,6.98,0.112,0.109,0.166,0.189,0.54,0.99,
1012,HD 219538    ,8.07,-0.017,0.015,-0.007,-0.014,0.5,1.06,
1015,HD 219834 B  ,5.2,0.14,0.131,0.19,0.185,0.55,1.06,
1017,HD 220339    ,7.8,-0.216,-0.182,-0.189,-0.203,0.5,1.08,
1020,HD 221354    ,6.76,0.126,0.196,0.109,0.102,0.46,1.06,
1021,HD 221356    ,6.5,-0.157,-0.059,-0.192,-0.205,0.43,1.08,
1030,HD 222582    ,7.68,0.005,0.046,0.028,0.034,0.49,1.03,1
1031,HD 222697    ,8.65,0.043,0.041,0.107,0.143,0.54,0.96,
1035,HD 223315    ,8.78,0.198,0.192,0.235,0.274,0.54,0.96,
1036,HD 223498    ,8.34,0.096,0.14,0.108,0.135,0.49,0.98,
2000,KIC-4914923  ,,0.12,0.185,0.145,0.171,0.46,0.98,
2004,HD 224983    ,8.48,0.087,0.128,0.087,0.086,0.49,1.05,
2005,HTR163-001   ,,0.347,0.308,0.303,0.312,0.59,1.03,1
2014,HTR124-004   ,,0.05,0.118,0.113,0.106,0.46,1.06,
2019,HTR211-001   ,,-0.446,-0.314,-0.446,-0.486,0.4,1.15,
2020,HTR089-011   ,11.8,0.13,0.198,0.153,0.189,0.46,0.96,
2021,HTR211-003   ,,0.119,0.238,0.154,0.124,0.41,1.12,
2024,HD 18436 A   ,7.98,0.25,0.303,0.276,0.299,0.48,0.99,
2025,HD 18436 B   ,7.98,0.18,0.184,0.214,0.234,0.53,1,
2027,HTR213-008   ,,0.083,0.122,0.1,0.086,0.49,1.08,
2028,HTR213-002   ,0,0.19,0.136,0.175,0.236,0.61,0.91,
2029,HTR258-002   ,,0.237,0.223,0.252,0.287,0.55,0.97,
2031,HTR169-010   ,,-0.072,0.068,-0.032,-0.062,0.39,1.12,
2033,HD 1205      ,7.9,0.224,0.3,0.246,0.261,0.45,1.01,
2035,HTR170-004   ,10,0.163,0.193,0.195,0.223,0.5,0.98,
2037,HTR062-011   ,,-0.163,0.009,-0.193,-0.2,0.36,1.06,
2039,HTR171-008   ,,0.25,0.211,0.221,0.278,0.59,0.92,
2046,HTR263-005   ,,-0.158,-0.209,-0.189,-0.192,0.6,1.05,
2050,HTR173-008   ,0,0.084,0.129,0.071,0.101,0.48,0.98,
2060,HD 2331      ,9.55,0.067,0.133,0.111,0.106,0.46,1.06,
2067,HD 236427    ,8.24,-0.082,0.018,-0.015,-0.085,0.43,1.23,
2071,HTR267-004   ,,-0.001,0.061,0.094,0.174,0.47,0.87,
2072,HTR268-001   ,,0.138,0.149,0.181,0.266,0.52,0.86,
2073,HTR176-002   ,12.16,0.174,0.242,0.211,0.213,0.46,1.04,
2075,HD 2946      ,8.09,-0.273,-0.164,-0.202,-0.285,0.42,1.27,
2076,HTR364-003   ,,0.066,0.176,0.048,0.071,0.42,0.99,
2078,HTR136-001   ,0,0.309,0.359,0.376,0.373,0.48,1.06,
2079,HTR317-002   ,,0.188,0.185,0.174,0.163,0.54,1.07,
2080,HD 3141      ,8.02,0.107,0.126,0.12,0.109,0.51,1.07,
2082,HD 3404      ,7.94,0.075,0.108,0.145,0.109,0.5,1.14,
2083,HTR180-001   ,10.42,0.016,0.129,0.077,0.05,0.41,1.11,
2087,HTR102-001   ,9.7,0.242,0.312,0.325,0.304,0.46,1.1,
2090,HD 4075      ,7.19,0.293,0.319,0.278,0.289,0.51,1.02,
2093,HTR183-005   ,0,-0.301,-0.158,-0.291,-0.326,0.39,1.13,
2094,HTR183-008   ,,0.092,0.216,0.08,0.081,0.4,1.05,
2096,HD 4395      ,7.68,-0.185,-0.062,-0.169,-0.242,0.4,1.24,
2099,HD 4741      ,8.45,-0.076,-0.021,-0.055,-0.03,0.47,0.99,
2101,HTR188-002   ,0,-0.041,0.032,-0.067,-0.055,0.45,1.02,
2103,HTR145-001   ,11.4,0.322,0.301,0.294,0.318,0.56,0.99,
2106,HTR376-001   ,11.8,0.138,0.202,0.141,0.122,0.46,1.09,
2108,HTR189-001   ,0,0.139,0.2,0.163,0.119,0.47,1.16,
2110,HTR378-001   ,,0.217,0.153,0.235,0.261,0.62,0.99,
2112,HD 5946      ,8.94,0.31,0.319,0.291,0.331,0.53,0.96,
2113,HTR191-001   ,11.21,0.155,0.289,0.232,0.259,0.4,0.98,
2117,HD 140538 A  ,5.86,-0.02,-0.015,0.039,0.03,0.53,1.07,
2121,HTR285-001   ,,0.179,0.247,0.223,0.255,0.46,0.97,
2122,HD 6512      ,8.15,0.147,0.172,0.157,0.184,0.51,0.98,
2125,HD 6715      ,7.61,-0.168,-0.048,-0.134,-0.155,0.41,1.1,
2126,GJ 53        ,,-0.49,-0.078,-0.602,-0.556,0.21,0.94,
2128,HTR239-008   ,0,0.128,0.099,0.164,0.153,0.57,1.07,
2129,HTR194-006   ,11.64,-0.211,-0.19,-0.231,-0.234,0.51,1.05,
2132,HTR240-003   ,,0.03,0.017,0.025,0.041,0.55,1.01,
2133,HTR241-006   ,,0.078,0.371,0.169,0.221,0.27,0.93,
2136,HTR196-004   ,11.57,0.019,0.082,0.016,0.009,0.46,1.06,
2137,HTR241-007   ,11.7,0.05,0.139,0.094,0.116,0.44,1,
2139,HTR114-009   ,,-0.158,-0.036,-0.163,-0.19,0.41,1.11,
2143,KIC-10644253 ,,0.115,0.169,0.102,0.136,0.47,0.97,
2148,KIC-7174707  ,,-0.032,0.018,0.039,-0.008,0.48,1.17,
2156,KIC-10516096 ,,-0.028,0.091,-0.043,-0.032,0.41,1.02,
2159,KIC-7871531  ,,-0.212,-0.047,-0.226,-0.197,0.37,0.98,
2166,HD 7510      ,7.63,0.114,0.161,0.118,0.094,0.48,1.1,
2168,KIC-9139151  ,,0.078,0.117,0.087,0.121,0.49,0.97,
2181,KIC-8150065  ,,-0.028,0.159,0.005,0.017,0.35,1.02,
2196,KIC-5689820  ,,0.158,0.177,0.204,0.125,0.51,1.26,
2198,KIC-3427720  ,,0.019,0.122,-0.003,0.021,0.42,0.99,
2224,KIC-11395018 ,,0.17,0.225,0.204,0.207,0.47,1.04,
2226,KIC-11551692 ,,0.108,0.019,0.131,0.22,0.66,0.85,
2231,KIC-8018599  ,,0.135,0.363,0.104,0.199,0.32,0.84,
2234,KIC-7106245  ,,-0.091,0.005,-0.11,-0.123,0.43,1.08,
2261,KIC-7747078  ,,-0.149,0.069,-0.155,-0.164,0.33,1.07,
2270,KIC-5955122  ,,-0.108,0.101,-0.126,-0.112,0.33,1.02,
2272,KIC-8228742  ,,-0.062,0.172,-0.077,-0.045,0.31,0.97,
2277,KIC-11026764 ,,0.028,0.137,0.018,0.014,0.42,1.06,
2280,KIC-10972873 ,,-0.044,0.047,-0.052,-0.048,0.44,1.04,
2292,Kepler-68 A  ,9.99,0.069,0.102,0.113,0.134,0.5,1,
2293,KIC-6603624  ,,0.203,0.251,0.192,0.21,0.48,1,
2304,KIC-12258514 ,,0.067,0.191,0.019,0.071,0.4,0.93,
2347,KIC-8435766  ,12.18,-0.04,0.003,-0.065,-0.018,0.49,0.94,1
2358,KIC-11717120 ,,-0.284,-0.037,-0.207,-0.288,0.3,1.26,
2360,KIC-3656476  ,,0.206,0.283,0.186,0.213,0.45,0.98,
2367,KIC-9410862  ,,-0.223,-0.194,-0.289,-0.291,0.5,1.05,
2399,KIC-11771760 ,,-0.034,0.191,-0.052,-0.038,0.32,1.01,
2411,KIC-5723165  ,,-0.126,-0.015,-0.05,-0.102,0.42,1.18,
2412,KIC-8702606  ,,-0.12,-0.037,-0.119,-0.148,0.44,1.12,
2419,KIC-7976303  ,,-0.354,-0.074,-0.372,-0.356,0.28,1.01,
2429,HTR388-005   ,,-0.084,0.172,-0.026,-0.044,0.3,1.09,
2456,KIC-6313425  ,,-0.048,0.12,-0.019,-0.03,0.36,1.07,
2467,HIP 6339     ,8.46,0.133,0.188,0.082,0.131,0.47,0.93,
2468,HTR341-004   ,0,0.124,0.202,0.134,0.15,0.45,1.01,
2469,HTR389-004   ,,0.105,0.234,0.058,0.103,0.4,0.94,
2472,HD 8389      ,7.85,0.42,0.406,0.388,0.382,0.55,1.06,
2473,HD 8375      ,6.28,-0.017,0.202,0.027,-0.044,0.32,1.23,
2474,HTR294-009   ,0,-0.241,-0.053,-0.213,-0.198,0.35,1.01,
2476,HD 8467      ,8.39,-0.154,-0.064,-0.148,-0.124,0.44,0.99,
2478,HD 8553      ,8.49,-0.014,0.014,0,-0.041,0.5,1.15,
2480,HTR248-002   ,0,-0.024,0.015,0.048,0.03,0.49,1.09,2
2481,HD 8828      ,7.96,-0.162,-0.079,-0.119,-0.11,0.44,1.03,
2487,HTR159-015   ,,-0.103,-0.063,-0.141,-0.117,0.49,0.99,
2488,HTR159-019   ,,0.091,0.361,0.101,0.178,0.29,0.88,
2499,HTR205-22    ,10,0.068,0.278,0.095,0.131,0.33,0.96,
2500,HTR205-23    ,2.1,0.105,0.171,0.147,0.157,0.46,1.02,
2505,HD 9446      ,8.35,0.063,0.07,0.066,0.072,0.53,1.03,2
2508,WASP-234318  ,,0.179,0.151,0.191,0.239,0.57,0.94,
2510,HTR056-003   ,,-0.07,-0.153,-0.092,-0.085,0.65,1.03,
2513,HD 10008     ,7.66,-0.072,-0.014,-0.099,-0.015,0.47,0.86,
2514,HD 10015     ,8.65,0.245,0.254,0.219,0.249,0.53,0.98,
2515,HD 10013     ,8.53,0.017,0.051,0.053,0.06,0.5,1.03,
2516,HIP 7830     ,8.92,0.001,0.023,-0.005,0.036,0.51,0.95,
2519,HD 10307     ,4.96,0.049,0.086,0.051,0.047,0.49,1.06,
2524,HD 10995     ,7.35,0.005,0.177,-0.008,0.008,0.36,1.01,
2525,HD 11131     ,6.72,-0.057,-0.006,-0.058,-0.065,0.48,1.06,
2526,HD 10790     ,8.07,0.233,0.226,0.265,0.296,0.55,0.98,
2528,HD 11506     ,7.51,0.207,0.298,0.266,0.326,0.44,0.91,2
2533,HD 12039     ,8.07,0.029,0.151,-0.093,-0.035,0.41,0.92,
2538,HD 12484     ,8.18,0.048,0.086,0.044,0.073,0.49,0.98,1
2540,HD 13167     ,8.34,0.097,0.188,0.105,0.13,0.44,0.99,
2541,HD 13382     ,7.33,0.12,0.125,0.127,0.144,0.53,1.01,
2542,HD 13483     ,8.46,-0.161,-0.062,-0.162,-0.155,0.43,1.03,
2545,HD 13836     ,8.12,0.01,0.072,0.013,0.03,0.46,1.01,
2547,HD 14214     ,5.6,0.127,0.217,0.144,0.181,0.44,0.96,
2548,HD 14655     ,8.13,0.055,0.171,0.06,0.061,0.41,1.05,
2550,HD 14651     ,8.26,-0.025,0.064,-0.022,-0.044,0.44,1.1,
2555,HD 15928     ,7.83,-0.317,-0.172,-0.257,-0.315,0.38,1.2,
2556,HD 16297     ,8.38,-0.057,0,-0.023,-0.004,0.47,1,
2558,HD 16175     ,7.28,0.205,0.326,0.25,0.31,0.41,0.91,1
2560,HD 16760     ,8.7,-0.071,-0.066,-0.074,-0.035,0.53,0.96,
2561,HD 16702     ,8.28,-0.067,-0.065,-0.121,-0.1,0.53,1,
2563,HD 17354     ,7.78,0.386,0.401,0.341,0.41,0.52,0.89,
2565,HD 17382     ,7.56,-0.003,0.045,-0.016,0.026,0.48,0.95,
2567,HD 17156     ,8.17,0.151,0.262,0.158,0.2,0.42,0.95,1
2568,HD 18015     ,7.89,-0.159,-0.026,-0.138,-0.185,0.4,1.17,
2569,HD 18645     ,7.86,-0.02,0.258,-0.075,-0.088,0.28,1.08,
2572,HD 18702     ,8.11,0.183,0.233,0.143,0.16,0.48,1.01,
2573,HIP 14113    ,9.5,0.265,0.284,0.27,0.298,0.51,0.98,
2574,HD 19019     ,6.92,-0.011,0.027,-0.043,-0.064,0.49,1.1,
2575,HD 18916     ,7.99,-0.205,-0.138,-0.194,-0.205,0.46,1.08,
2576,HD 19522     ,8.11,-0.135,-0.092,-0.137,-0.172,0.49,1.14,
2577,HD 19659     ,7.11,0.002,0.176,0.013,0.033,0.36,1,
2578,WASP-11      ,,0.227,0.189,0.181,0.234,0.59,0.93,
2579,HD 19668     ,8.48,-0.078,0.028,-0.102,-0.076,0.42,0.99,
2580,HD 19618     ,9.06,0.174,0.182,0.162,0.205,0.53,0.95,
2581,HD 19617     ,8.69,0.122,0.169,0.128,0.13,0.48,1.04,
2582,HIP 14810    ,8.52,0.215,0.214,0.214,0.253,0.54,0.96,3
2583,HD 20155     ,7.88,0.229,0.299,0.181,0.236,0.46,0.92,
2584,HD 20439     ,7.78,0.158,0.249,0.231,0.262,0.44,0.97,
2585,HD 20367     ,6.4,0.102,0.129,0.104,0.114,0.5,1.02,
2588,HD 21742     ,8.08,0.18,0.17,0.213,0.233,0.55,1,
2593,HD 22844     ,8.14,0.055,0.062,0.114,0.076,0.53,1.14,
2594,HII 263      ,,-0.003,0.092,-0.036,0.022,0.43,0.92,
2595,HII 296      ,,0.066,0.215,-0.098,0.003,0.38,0.83,
2596,HII 746      ,,-0.037,0.056,-0.04,0.007,0.43,0.94,
2597,HII 1220     ,,-0.047,0.027,-0.08,-0.002,0.45,0.88,
2598,HD 23825     ,7.93,0.063,0.186,0.063,0.074,0.4,1.02,
2601,HD 24505     ,8.05,0.118,0.199,0.113,0.076,0.45,1.14,
2606,HD 25893     ,7.13,0.039,0.078,0.05,0.086,0.49,0.97,
2609,HD 26161     ,6.88,0.002,0.137,-0.011,-0.015,0.39,1.06,
2612,HD 26736     ,8.05,0.123,0.158,0.125,0.145,0.5,1,
2614,HD 27530     ,8.16,0.19,0.172,0.194,0.215,0.56,1,
2615,HIP 20218    ,7.84,-0.039,-0.007,-0.03,-0.038,0.5,1.07,
2616,HD 27496     ,8.95,0.317,0.358,0.306,0.317,0.49,1.02,
2618,HD 27732     ,8.84,0.072,0.13,0.06,0.08,0.47,1,
2620,HD 27859     ,7.79,0.144,0.223,0.132,0.127,0.45,1.06,
2621,HD 28185     ,7.8,0.165,0.185,0.168,0.179,0.51,1.02,1
2622,HD 28099     ,8.1,0.118,0.151,0.126,0.122,0.5,1.06,
2625,HIP 21276    ,7.75,-0.154,-0.063,-0.154,-0.097,0.43,0.92,
2629,HD 31018     ,7.64,0.082,0.265,0.085,0.115,0.35,0.98,
2631,HD 31392     ,7.6,-0.015,0.016,0.035,0.042,0.5,1.03,
2633,HD 31543     ,8.17,-0.017,0.153,-0.05,-0.018,0.36,0.97,
2636,HD 32850     ,7.74,-0.173,-0.081,-0.158,-0.144,0.43,1.02,
2638,HD 33283     ,8.05,0.249,0.335,0.278,0.334,0.44,0.92,1
2639,HD 33334     ,7.61,0.056,0.103,0.06,0.046,0.48,1.08,
2640,HD 33298     ,8.3,-0.263,-0.124,-0.191,-0.257,0.39,1.22,
2641,HD 33822     ,8.12,0.211,0.213,0.217,0.245,0.53,0.98,
2644,HD 34957     ,9.23,-0.119,-0.05,-0.159,-0.166,0.46,1.06,
2645,HD 35112     ,7.76,-0.107,-0.111,-0.082,-0.068,0.54,1.01,
2646,HD 34887     ,8.15,0.313,0.267,0.274,0.333,0.6,0.91,
2647,HD 244992    ,9.1,0.008,0.004,-0.026,-0.059,0.54,1.13,
2648,HD 36130     ,7.75,0.096,0.188,0.148,0.146,0.43,1.05,
2650,HD 37605     ,8.67,0.227,0.252,0.216,0.246,0.51,0.98,2
2651,HD 37986     ,7.36,0.243,0.261,0.227,0.241,0.51,1.01,
2653,HD 38467     ,8.27,0.178,0.228,0.216,0.237,0.48,1,
2655,HD 38801     ,8.26,0.16,0.198,0.203,0.186,0.49,1.09,1
2656,HD 39094     ,7.89,0.184,0.243,0.183,0.181,0.47,1.05,
2661,HD 40647     ,8.29,-0.126,-0.044,-0.123,-0.087,0.44,0.97,
2662,HD 42807     ,6.43,-0.042,0.038,-0.069,-0.06,0.45,1.02,
2663,HD 43162     ,6.37,-0.066,-0.004,-0.065,-0.05,0.47,1.01,
2664,HD 43691     ,8.03,0.182,0.384,0.228,0.3,0.34,0.89,1
2665,HIP 30220    ,9.09,0.046,0.072,0.068,0.097,0.51,0.98,
2666,HD 45210     ,7.69,-0.13,0.024,-0.084,-0.166,0.38,1.26,
2668,HD 45652     ,8.1,0.21,0.217,0.216,0.224,0.53,1.03,1
2669,HIP 31014    ,8.76,-0.217,0.03,-0.256,-0.228,0.3,0.98,
2672,HD 47186     ,7.63,0.175,0.156,0.182,0.211,0.56,0.98,2
2680,HIP 32892    ,8.94,0.222,0.259,0.229,0.252,0.49,0.99,
2683,HD 51046     ,8.06,-0.034,-0.034,-0.002,0.004,0.54,1.03,
2684,HD 53532     ,8.25,0.036,0.023,0.058,0.083,0.55,0.99,
2685,HD 53927     ,8.32,-0.165,-0.095,-0.232,-0.248,0.46,1.09,
2686,HD 55696     ,7.95,0.25,0.406,0.285,0.347,0.37,0.91,
2687,HIP 35093    ,9.64,-0.153,-0.03,-0.172,-0.149,0.4,0.99,
2689,HD 55575     ,5.54,-0.189,-0.036,-0.219,-0.258,0.38,1.15,
2690,HD 55647     ,8.5,0.027,0.046,0.053,0.063,0.51,1.02,
2694,HD 57204     ,7.99,0.034,0.101,0.065,0.013,0.46,1.18,
2695,HD 57813     ,8.64,0.138,0.135,0.164,0.17,0.54,1.03,
2696,HD 58727     ,8.96,0.146,0.126,0.18,0.203,0.56,0.99,
2697,HD 60234     ,7.68,0.088,0.278,0.035,0.098,0.35,0.91,
2698,HD 61005     ,8.23,-0.047,0.033,-0.05,-0.007,0.45,0.95,
2699,HD 60737     ,7.7,0.015,0.079,-0.029,0.004,0.46,0.97,
2702,HD 61994     ,7.06,0.102,0.069,0.084,0.119,0.58,0.97,
2703,XO-2         ,11.2,0.341,0.335,0.339,0.346,0.54,1.03,1
2704,HIP 38340    ,9.15,-0.061,-0.047,-0.064,-0.066,0.52,1.05,
2706,HD 64324     ,7.78,-0.062,-0.048,-0.038,-0.022,0.52,1.01,
2708,HD 62613     ,6.55,-0.122,-0.056,-0.11,-0.116,0.46,1.06,
2709,HD 69076     ,8.27,-0.297,-0.215,-0.26,-0.263,0.45,1.06,
2710,HD 69960     ,8,0.226,0.257,0.228,0.229,0.5,1.04,
2711,HD 70573     ,8.7,0.033,0.165,-0.057,0,0.4,0.92,1
2712,HD 70516     ,7.71,0.081,0.191,0.03,0.077,0.42,0.94,
2713,HD 72429     ,7.95,0.253,0.493,0.234,0.3,0.31,0.9,
2715,HD 72687     ,8.26,-0.038,0.012,-0.072,-0.043,0.48,0.98,
2717,HD 72440     ,8.3,-0.119,0.014,-0.108,-0.13,0.4,1.1,
2718,HD 73256     ,8.08,0.182,0.212,0.188,0.243,0.5,0.92,1
2719,HD 73226     ,7.54,0.086,0.145,0.13,0.133,0.47,1.04,
2720,HD 72905     ,5.63,-0.034,0.028,-0.069,-0.04,0.47,0.98,
2721,HD 73534     ,8.23,0.165,0.204,0.2,0.13,0.49,1.23,1
2722,HIP 42491    ,8.41,-0.059,-0.02,-0.004,0.022,0.49,0.99,
2729,HD 75898     ,8.03,0.213,0.334,0.214,0.25,0.41,0.96,1
2733,HD 78558     ,7.29,-0.202,0.082,-0.192,-0.162,0.28,0.98,
2734,HD 79498     ,8.05,0.155,0.153,0.17,0.188,0.54,1,1
2735,WASP-13      ,10.42,0,0.12,0.041,0.06,0.41,1,1
2736,HD 80355     ,7.82,-0.194,-0.183,-0.158,-0.15,0.52,1.03,
2738,HD 82443     ,7.05,-0.035,0.113,-0.125,-0.033,0.38,0.85,
2740,HD 82885     ,5.4,0.206,0.211,0.22,0.277,0.53,0.92,
2746,HD 85689     ,7.71,-0.112,-0.083,-0.146,-0.162,0.5,1.09,
2747,HD 85472     ,7.45,-0.099,-0.06,-0.062,-0.107,0.49,1.16,
2748,HD 86081     ,8.73,0.153,0.288,0.175,0.2,0.39,0.99,1
2750,HD 87001     ,8.96,0.116,0.189,0.128,0.138,0.45,1.02,
2752,HD 88133     ,8.01,0.217,0.228,0.251,0.227,0.52,1.11,1
2753,HD 88656     ,9.08,-0.093,-0.055,-0.062,-0.032,0.49,0.98,
2754,HD 88654     ,7.68,-0.009,0.11,0.048,-0.008,0.41,1.19,
2755,HD 89793     ,8.84,0.102,0.085,0.107,0.103,0.56,1.06,
2756,HD 90508     ,6.42,-0.181,-0.044,-0.189,-0.172,0.39,1.01,
2760,HD 92719     ,6.79,-0.098,-0.057,-0.095,-0.096,0.49,1.05,
2761,HD 93396     ,8.04,0.129,0.151,0.199,0.162,0.51,1.14,
2764,HD 94151     ,7.84,0.034,0.039,0.035,0.045,0.53,1.02,
2769,HD 95088     ,8.42,0.15,0.172,0.164,0.114,0.51,1.18,
2770,WASP-34      ,10.3,0.021,0.052,0.064,0.047,0.5,1.09,1
2772,HD 95622     ,9.08,-0.114,0.055,-0.132,-0.107,0.36,0.99,
2775,HD 96167     ,8.09,0.253,0.311,0.276,0.323,0.47,0.94,1
2776,HD 96529     ,8.85,0.122,0.157,0.165,0.148,0.49,1.09,
2778,HD 96612     ,8.35,-0.12,-0.124,-0.119,-0.075,0.54,0.95,
2780,HIP 54498    ,8.94,0.057,0.065,0.073,0.072,0.53,1.05,
2782,HD 97854     ,8.23,0.176,0.318,0.195,0.237,0.39,0.95,
2787,HD 98736     ,7.93,0.31,0.306,0.299,0.322,0.54,0.99,
2798,HD 101675    ,9,0.108,0.069,0.151,0.168,0.59,1.01,
2800,HD 101847    ,8.33,0.115,0.184,0.15,0.178,0.46,0.98,
2801,HD 101904    ,8.21,0.061,0.169,0.085,0.085,0.42,1.05,
2802,HD 102195    ,8.07,-0.021,0.016,-0.002,0.049,0.49,0.93,1
2803,HD 102444    ,7.97,-0.152,-0.021,-0.09,-0.167,0.4,1.25,
2808,HD 103417    ,8.8,0.138,0.145,0.164,0.186,0.53,1,
2809,HD 103459    ,7.6,0.194,0.207,0.195,0.202,0.52,1.03,
2810,HD 103616    ,7.66,-0.019,0.1,-0.079,-0.066,0.41,1.02,
2811,HD 103828    ,8.44,-0.013,0,-0.004,0,0.52,1.04,
2813,HD 103847    ,8.07,-0.076,-0.049,-0.004,0.038,0.5,0.95,
2815,HD 104263    ,8.23,0.056,0.15,0.093,0.045,0.43,1.17,
2816,HD 104389    ,8.45,0.036,0.043,0.001,0.01,0.53,1.03,
2817,HD 104437    ,8.62,0.135,0.145,0.148,0.174,0.53,0.98,
2818,HD 104588    ,8.66,0.218,0.263,0.278,0.276,0.48,1.05,
2819,HD 104860    ,7.92,0.059,0.131,-0.06,-0.01,0.46,0.93,
2820,HD 238069    ,9.17,0.237,0.286,0.246,0.239,0.48,1.07,
2821,HD 105279    ,8.4,0.227,0.286,0.237,0.292,0.47,0.92,
2824,HD 106088    ,8.37,0.261,0.268,0.264,0.28,0.53,1.01,
2826,HD 106270    ,7.58,-0.045,0.031,0.004,-0.052,0.45,1.19,1
2827,HD 106314    ,6.91,0.052,0.148,0.055,0.011,0.43,1.16,
2828,HD 106421    ,7.34,0.414,0.627,0.401,0.512,0.33,0.81,
2829,HD 107211    ,8.38,0.29,0.316,0.313,0.343,0.5,0.98,
2830,HD 107181    ,8.43,0.231,0.258,0.253,0.256,0.5,1.04,
2831,HD 108189    ,7.72,-0.137,0.056,-0.099,-0.153,0.34,1.19,
2832,HD 108351    ,7.89,0.057,0.248,0.07,0.11,0.35,0.95,
2834,HD 108942    ,7.91,0.199,0.207,0.229,0.253,0.53,0.99,
2835,HIP 61205    ,9.59,-0.065,0.018,-0.08,-0.064,0.44,1.01,
2836,HD 109159    ,7.97,-0.241,-0.124,-0.133,-0.209,0.41,1.25,
2837,HD 109218    ,8.1,-0.21,-0.091,-0.115,-0.193,0.41,1.25,
2838,HD 109409    ,5.76,0.217,0.266,0.214,0.239,0.48,0.99,
2839,HD 109718    ,9.12,0.035,0.124,0.048,0.036,0.44,1.08,
2840,HD 109749    ,8.08,0.203,0.226,0.217,0.238,0.51,1,1
2841,HD 109929    ,7.64,0.252,0.421,0.305,0.391,0.36,0.86,
2842,HD 110044    ,8.99,-0.049,-0.009,0,0.015,0.49,1.01,
2843,HD 110463    ,8.27,-0.036,-0.078,-0.017,0.05,0.59,0.9,
2844,HD 110743    ,8.78,0.007,0.059,-0.012,-0.001,0.48,1.02,
2845,HD 110833    ,7.01,0.115,0.124,0.109,0.151,0.53,0.95,
2846,HD 110897    ,5.95,-0.275,-0.198,-0.387,-0.398,0.45,1.08,
2847,HD 111814    ,8.14,0.162,0.221,0.17,0.184,0.47,1.01,
2848,HD 112415    ,8.75,0.278,0.291,0.28,0.285,0.52,1.03,
2849,HD 112758    ,7.54,-0.149,0.112,-0.25,-0.265,0.29,1.09,
2856,HD 115404 A  ,6.49,-0.138,-0.101,-0.137,-0.047,0.49,0.85,
2857,HD 116956    ,7.29,0.022,0.054,0.008,0.059,0.5,0.93,
2858,HD 117122    ,8.42,0.008,0.04,0.047,0.043,0.5,1.06,
2863,HD 120064    ,5.97,-1.157,-0.034,-0.287,0.051,0.04,0.48,
2864,HD 120528    ,8.55,0.105,0.135,0.111,0.117,0.5,1.03,
2866,HD 121550    ,9.32,-0.043,0.005,0.007,-0.001,0.48,1.07,
2868,HIP 68461    ,8.93,0.301,0.305,0.321,0.334,0.53,1.02,
2871,HD 122973    ,8.08,0.127,0.156,0.125,0.139,0.5,1.01,
2873,HD 124257 B  ,9.6,0.077,0.098,0.127,0.138,0.51,1.02,
2874,HD 124257 A  ,9.7,0.088,0.188,0.118,0.14,0.43,1,
2878,HD 125612    ,8.31,0.131,0.169,0.193,0.209,0.49,1.01,3
2879,HD 126583    ,8.06,-0.008,0.022,-0.01,0.013,0.5,0.99,
2881,HD 126868    ,4.81,-0.02,0.311,-0.074,-0.019,0.25,0.92,
2883,HD 128642    ,6.88,-0.108,-0.095,-0.099,-0.057,0.52,0.95,
2890,HD 131156    ,4.54,-0.16,-0.04,-0.192,-0.13,0.41,0.91,
2891,HD 131183    ,7.89,0.095,0.145,0.152,0.099,0.48,1.19,
2895,HD 133125    ,8.76,-0.12,0.011,-0.093,-0.091,0.4,1.04,
2896,WASP-24      ,11.2,0.002,0.1,0.019,0.037,0.43,1,1
2897,HD 134353    ,8.28,0.1,0.103,0.108,0.137,0.53,0.98,
2898,HIP 74346    ,9.56,0.228,0.307,0.147,0.14,0.45,1.06,
2901,HD 136274    ,7.99,-0.069,0.164,-0.056,-0.079,0.31,1.1,
2902,HD 136202    ,5.04,0.043,0.272,0.015,0.04,0.32,0.99,
2905,HD 139907    ,8.65,0.257,0.297,0.29,0.335,0.49,0.94,
2906,HD 140025    ,8.21,0.086,0.218,0.128,0.086,0.4,1.15,
2907,HD 141399    ,7.21,0.268,0.332,0.304,0.326,0.46,1,4
2908,HD 141272    ,7.44,-0.095,-0.026,-0.098,-0.033,0.46,0.9,
2910,HD 142626    ,8.28,-0.135,-0.062,-0.118,-0.099,0.45,1,
2911,HD 143174    ,8.65,0.123,0.081,0.115,0.135,0.59,1,
2914,XO-1         ,11.32,-0.093,-0.036,-0.065,-0.06,0.47,1.03,
2915,HD 144287    ,7.1,-0.072,0.059,-0.044,-0.05,0.4,1.06,
2919,HIP 79308    ,8.31,-0.157,-0.122,-0.143,-0.135,0.5,1.03,
2921,HD 145958 A  ,6.68,-0.091,-0.045,-0.032,-0.042,0.48,1.07,
2923,HD 146050    ,7.97,0.297,0.321,0.291,0.3,0.51,1.02,
2925,HIP 80096    ,9.11,0.272,0.276,0.245,0.252,0.53,1.03,
2927,HD 147750    ,8.44,-0.15,-0.055,-0.12,-0.108,0.43,1.02,
2928,HD 147752    ,9.25,-0.024,0.037,-0.069,0.013,0.47,0.87,
2929,HD 148164    ,8.23,0.106,0.24,0.171,0.196,0.39,0.99,
2930,HD 148284    ,9.01,0.101,0.146,0.116,0.109,0.48,1.06,
2931,HD 149026    ,8.15,0.281,0.332,0.266,0.355,0.48,0.85,1
2932,HD 150706    ,7.01,-0.011,-0.021,-0.045,-0.025,0.55,1,1
2933,HD 234314    ,9.31,0.128,0.253,0.169,0.165,0.4,1.06,
2934,HD 149143    ,7.89,0.209,0.254,0.239,0.251,0.48,1.02,1
2935,HD 149750    ,8.58,0.151,0.214,0.162,0.168,0.46,1.03,
2936,HD 151504    ,8.08,0.067,0.15,0.095,0.077,0.44,1.09,
2937,HD 152125    ,8.92,0.082,0.077,0.092,0.105,0.54,1.02,
2941,HD 153525    ,7.93,-0.069,-0.136,-0.053,0.055,0.63,0.82,
2942,HD 154325    ,8.51,0.106,0.12,0.112,0.124,0.52,1.02,
2943,HD 154144    ,8.18,0.255,0.413,0.239,0.314,0.37,0.88,
2944,HD 155456    ,8.33,0.209,0.192,0.222,0.234,0.56,1.02,
2945,HD 155413    ,7.25,0.139,0.279,0.135,0.179,0.39,0.95,
2946,HD 156279    ,8.07,0.096,0.091,0.118,0.142,0.54,0.99,1
2947,HD 155712    ,7.95,-0.112,-0.128,-0.043,-0.042,0.56,1.04,
2948,HD 156342    ,8.28,0.221,0.35,0.235,0.296,0.4,0.91,
2949,HD 156846    ,6.5,0.112,0.301,0.133,0.185,0.35,0.93,1
2951,HD 159062    ,7.22,-0.183,0.106,-0.207,-0.209,0.28,1.05,
2952,HIP 85977    ,8.65,0.42,0.396,0.326,0.312,0.57,1.08,
2954,HD 161284    ,8.39,0.055,0.083,0.037,0.111,0.5,0.88,
2957,HD 161198    ,7.51,-0.148,0.137,-0.259,-0.25,0.28,1.03,
2958,HD 161479    ,8.14,0.249,0.259,0.206,0.262,0.52,0.92,
2960,HD 162232    ,8.59,0.108,0.224,0.113,0.143,0.41,0.98,
2963,HIP 87579    ,8.5,-0.008,0.025,-0.105,-0.02,0.5,0.86,
2964,HD 163607    ,8,0.15,0.2,0.153,0.146,0.48,1.06,2
2965,HD 163589    ,7.68,0.122,0.164,0.144,0.148,0.49,1.04,
2966,HD 164330    ,7.72,0.218,0.237,0.234,0.264,0.51,0.98,
2967,HD 164509    ,8.1,0.129,0.161,0.17,0.178,0.5,1.03,1
2968,HD 165173    ,7.96,-0.037,0.006,0.016,0.011,0.49,1.06,
2969,GJ 702 A     ,,0.009,0.042,0.017,0.058,0.5,0.95,
2970,HD 165401    ,6.8,-0.226,-0.08,-0.202,-0.15,0.38,0.93,
2971,HD 166494    ,7.67,0.158,0.291,0.122,0.164,0.4,0.95,
2973,HAT-P-5      ,11.95,0.083,0.096,0.1,0.127,0.52,0.98,1
2974,HD 168603    ,8.28,0.073,0.094,0.075,0.142,0.51,0.9,
2975,HD 169889    ,8.32,-0.087,0.014,-0.094,-0.094,0.43,1.05,
2976,HD 171264    ,8.09,-0.144,-0.054,-0.066,-0.145,0.44,1.26,
2978,HD 171238    ,8.61,0.121,0.157,0.134,0.18,0.49,0.94,1
2979,HIP 91605    ,8.54,-0.194,-0.139,-0.282,-0.241,0.47,0.95,
2981,KOI-263      ,10.82,-0.09,0.012,-0.106,-0.112,0.42,1.06,
2983,Kepler-102   ,11.49,0.028,-0.062,0.067,0.123,0.66,0.92,5
2986,Kepler-128   ,11.39,-0.026,0.153,-0.039,0.009,0.36,0.94,2
2989,Kepler-62    ,13.7,-0.219,-0.169,-0.299,-0.266,0.48,0.97,5
2992,HD 175425    ,7.9,0.068,0.153,0.101,0.107,0.44,1.03,
2995,HD 175742    ,8.16,0.144,0.271,-0.088,0.128,0.4,0.64,
2996,HIP 92922    ,9.12,0.272,0.302,0.275,0.285,0.5,1.02,
2997,Kepler-37    ,9.7,-0.296,-0.165,-0.273,-0.263,0.4,1.02,4
2998,KOI-180      ,13.02,-0.068,-0.036,-0.059,-0.044,0.5,1.01,1
3000,Kepler-95    ,12.34,0.199,0.261,0.189,0.196,0.47,1.03,1
3001,Kepler-408   ,8.8,-0.115,-0.058,-0.142,-0.141,0.47,1.05,1
3002,HD 177274    ,8.35,0.159,0.261,0.139,0.196,0.42,0.92,
3003,KOI-2169     ,12.4,0.008,0.021,0.059,0.09,0.52,0.97,1
3004,HD 176733    ,7.85,-0.052,-0.007,-0.017,-0.015,0.48,1.04,
3006,Kepler-4     ,12.21,0.062,0.164,0.11,0.109,0.42,1.05,1
3007,Kepler-98    ,12.9,0.051,0.071,0.084,0.099,0.51,1.01,1
3011,Kepler-407   ,12.5,0.307,0.272,0.321,0.374,0.58,0.93,2
3018,TrES-2       ,11.4,-0.034,-0.022,-0.038,-0.016,0.52,1,1
3020,KOI-1431     ,13.5,0.144,0.167,0.171,0.217,0.51,0.94,
3022,Kepler-97    ,12.87,-0.148,-0.105,-0.146,-0.149,0.49,1.05,2
3025,KOI-273      ,11.45,0.184,0.168,0.181,0.217,0.56,0.96,2
3026,Kepler-104   ,12.59,-0.265,-0.144,-0.358,-0.298,0.41,0.91,3
3027,Kepler-411   ,12.2,0.199,0.15,0.101,0.206,0.6,0.82,2
3031,Kepler-20    ,12.5,0.006,0.083,0.02,0.057,0.45,0.96,5
3033,HD 179079    ,7.95,0.193,0.25,0.197,0.221,0.47,0.99,1
3035,HD 180161    ,7.04,0.079,0.108,0.068,0.131,0.5,0.91,
3038,HD 179498    ,9.98,0.036,0.326,0.062,0.077,0.28,1.01,
3039,HD 180053    ,7.93,0.137,0.313,0.15,0.095,0.36,1.19,
3040,Kepler-131   ,11.52,0.089,0.098,0.114,0.138,0.53,0.99,2
3043,Kepler-103   ,12.29,0.079,0.186,0.085,0.127,0.42,0.95,2
3045,Kepler-22    ,11.66,-0.252,-0.169,-0.225,-0.217,0.44,1.03,1
3046,Kepler-63    ,,0.011,0.048,0.036,0.095,0.49,0.91,1
3047,HD 182189    ,7.07,-0.028,0.15,0.025,-0.004,0.36,1.12,
3052,HD 181207    ,,-0.113,-0.031,-0.155,-0.155,0.44,1.05,
3054,KOI-5        ,11.6,0.028,0.231,0.08,0.096,0.34,1.01,
3055,HIP 94931    ,8.87,-0.176,0.08,-0.278,-0.291,0.3,1.08,5
3058,Kepler-109   ,12.37,-0.024,0.013,-0.042,-0.028,0.49,1.01,2
3059,Kepler-19    ,11.9,-0.129,-0.008,-0.106,-0.093,0.41,1.01,2
3060,HD 182736    ,7.01,-0.224,-0.127,-0.138,-0.196,0.43,1.2,
3061,HD 182756    ,,0.286,0.329,0.342,0.381,0.49,0.96,
3063,HD 182619    ,7.81,-0.1,-0.017,-0.082,-0.073,0.44,1.03,
3064,Kepler-36    ,11.87,-0.158,-0.008,-0.168,-0.147,0.38,1,2
3065,Kepler-100   ,11.2,0.061,0.176,0.064,0.072,0.41,1.03,3
3067,Kepler-93    ,9.93,-0.152,-0.052,-0.117,-0.157,0.43,1.15,2
3068,KOI-75       ,,-0.084,0.116,-0.138,-0.112,0.34,0.99,
3070,HD 183298    ,8.15,0.059,0.186,0.047,0.075,0.4,0.98,
3072,KOI-103      ,12.6,-0.078,0.004,-0.074,-0.054,0.44,1,
3073,CoRoT-2      ,12.57,-0.044,0.072,-0.102,-0.057,0.41,0.94,1
3074,Kepler-406   ,12.52,0.13,0.136,0.189,0.192,0.53,1.04,2
3075,HD 183473    ,7.88,-0.125,-0.064,-0.115,-0.148,0.47,1.13,
3077,HD 183216    ,7.13,0.138,0.183,0.139,0.176,0.48,0.96,
3078,KOI-2687     ,10.2,-0.024,-0.008,-0.01,0.003,0.52,1.02,
3082,KOI-328      ,12.82,-0.102,-0.035,-0.161,-0.113,0.46,0.94,
3084,KOI-1925     ,9.4,0.022,0.056,0.043,0.051,0.5,1.03,1
3087,HD 185414    ,6.73,-0.053,-0.042,-0.079,-0.061,0.52,1,
3091,KOI-1924     ,7.8,0.241,0.359,0.217,0.303,0.41,0.86,
3092,HD 185269    ,6.67,0.069,0.286,0.097,0.126,0.33,0.98,1
3094,HIP 96561    ,8.98,0.026,0.087,0.04,0.109,0.47,0.89,
3101,KOI-2720     ,10.3,-0.078,0.04,-0.13,-0.106,0.41,0.99,
3102,HD 186306    ,,-0.304,-0.025,-0.357,-0.361,0.28,1.06,
3103,KOI-364      ,10.09,0.213,0.256,0.22,0.235,0.49,1.01,
3113,KOI-265      ,11.99,0.104,0.176,0.134,0.155,0.45,1,1
3114,Kepler-96    ,10.3,-0.002,-0.023,0.008,0.019,0.56,1.02,1
3118,KOI-365      ,11.2,-0.184,-0.109,-0.143,-0.146,0.45,1.06,1
3123,Kepler-18    ,13.55,0.18,0.174,0.175,0.225,0.54,0.93,3
3130,Kepler-48    ,13.04,0.144,0.141,0.187,0.205,0.54,1,4
3132,HD 189733    ,7.67,0.029,0.066,0.005,0.052,0.49,0.94,1
3133,Kepler-106   ,12.88,-0.078,-0.074,-0.097,-0.109,0.53,1.08,4
3135,HD 190412    ,7.69,-0.23,-0.201,-0.206,-0.2,0.5,1.03,
3137,HD 355183    ,9.43,0.087,0.167,0.088,0.108,0.45,1,
3138,HD 192153    ,8.28,-0.312,-0.186,-0.21,-0.293,0.4,1.27,
3143,HD 193690    ,9.37,0.128,0.1,0.154,0.207,0.57,0.93,
3145,HD 195034    ,7.09,-0.008,0.017,-0.016,0.003,0.51,1,
3147,WASP-2       ,11.98,0.072,0.105,0.088,0.123,0.5,0.97,1
3149,HD 196124    ,8.91,-0.082,-0.115,-0.036,-0.038,0.58,1.05,
3153,HD 197076    ,6.43,-0.05,-0.007,-0.088,-0.063,0.49,0.99,
3161,HD 201651    ,8.19,-0.246,-0.132,-0.209,-0.198,0.41,1.02,
3162,HD 201924    ,7.83,-0.006,0.009,0.036,0.041,0.52,1.04,
3165,HD 203030    ,8.45,-0.044,0.031,-0.033,0.007,0.45,0.95,1
3166,HD 203471    ,8.34,-0.102,0.03,-0.076,-0.13,0.4,1.18,
3167,HD 203473    ,8.23,0.147,0.205,0.152,0.176,0.47,0.99,
3168,HD 204814    ,7.93,-0.092,0.108,-0.093,-0.116,0.34,1.1,
3170,HD 205855    ,8.62,0.009,0.032,0.048,0.061,0.51,1.02,
3171,HD 205905    ,6.75,0.116,0.089,0.112,0.132,0.57,1,
3172,HD 207897    ,8.37,-0.097,-0.06,-0.072,-0.052,0.49,1,
3173,HD 206658    ,7.85,0.084,0.127,0.089,0.109,0.49,1,
3175,HD 206635    ,8.34,-0.116,0.107,-0.077,-0.15,0.32,1.24,
3177,HD 207485    ,8,0.005,0.049,-0.029,0.019,0.49,0.94,
3179,HD 207839    ,7.81,0.141,0.114,0.185,0.224,0.57,0.96,
3180,HD 207992    ,8.24,-0.114,0.113,-0.095,-0.106,0.32,1.07,
3181,HD 207832    ,8.78,0.082,0.078,0.114,0.135,0.54,1,2
3182,HD 208038    ,8.18,-0.012,0.022,-0.079,0,0.5,0.87,
3184,HD 208880    ,8.45,-0.09,-0.009,-0.045,-0.022,0.45,0.99,
3185,HD 209599    ,8.37,-0.126,-0.018,-0.09,-0.079,0.42,1.02,
3187,HD 210144    ,7.8,0.083,0.08,0.108,0.11,0.54,1.04,
3193,HD 212733    ,8.32,0.13,0.13,0.156,0.155,0.54,1.05,
3196,HD 213278    ,8.06,-0.326,-0.117,-0.208,-0.304,0.33,1.31,
3199,HD 214823    ,8.06,0.042,0.251,0.041,0.085,0.33,0.95,1
3200,HD 215032    ,8.74,0.106,0.078,0.135,0.12,0.57,1.08,
3201,HD 215049    ,8.27,-0.089,0.011,-0.011,-0.075,0.43,1.22,
3202,HD 215274    ,7.99,0.165,0.176,0.166,0.214,0.52,0.94,
3203,HD 215500    ,7.5,-0.226,-0.163,-0.189,-0.181,0.46,1.03,
3205,HD 215704    ,7.87,0.101,0.096,0.117,0.148,0.54,0.97,
3206,HD 216520    ,7.53,-0.159,-0.115,-0.117,-0.121,0.49,1.06,
3208,HD 216191    ,8.34,-0.019,0.019,0.015,0.005,0.49,1.07,
3211,HIP 113207   ,8.88,0.212,0.264,0.195,0.215,0.48,1,
3216,HD 217850    ,8.52,0.246,0.29,0.265,0.262,0.49,1.06,
3217,HD 218445    ,8.84,0.209,0.254,0.208,0.202,0.48,1.06,
3219,BD+37 4784   ,,-0.148,-0.007,-0.167,-0.149,0.39,1.01,
3221,HD 219428    ,8.26,0.106,0.157,0.124,0.143,0.48,1,
3222,HD 219498    ,9.1,-0.096,0.023,-0.099,-0.067,0.41,0.97,
3223,HD 219623    ,5.58,0.03,0.186,0.071,0.097,0.38,0.99,
3225,HD 219781    ,8.38,0.114,0.151,0.099,0.121,0.49,1,
3226,HD 219828    ,8.04,0.108,0.224,0.137,0.144,0.41,1.03,2
3228,HD 220554    ,7.54,-0.096,0.131,-0.073,-0.123,0.32,1.17,
3230,HD 221504    ,8.06,0.187,0.224,0.201,0.179,0.49,1.1,
3231,WASP-4       ,12.5,-0.021,-0.028,-0.011,0.003,0.55,1.02,1
3232,HD 221822    ,8.42,-0.321,-0.181,-0.273,-0.307,0.39,1.13,
3233,HD 221851    ,7.9,-0.078,-0.025,-0.065,-0.056,0.48,1.03,
3234,HD 222038    ,8.41,0.215,0.267,0.21,0.216,0.48,1.03,
3236,HIP 116838   ,8.27,0.642,0.625,0.536,0.571,0.56,0.96,
3237,HD 222986    ,8.81,0.134,0.194,0.145,0.185,0.47,0.95,
3239,HD 240429    ,,0,0.012,0.01,0.003,0.52,1.06,
3240,HD 240430    ,,0.092,0.088,0.191,0.161,0.54,1.12,
3242,HD 224032    ,8.24,0.385,0.445,0.383,0.438,0.47,0.92,
3244,HD 224619    ,7.47,-0.161,-0.06,-0.12,-0.125,0.43,1.06,
3245,WASP-8       ,9.8,0.161,0.162,0.208,0.248,0.54,0.96,2
3246,HD 224679    ,8.35,-0.028,0.141,-0.016,-0.005,0.36,1.02,
3247,HD 224693    ,8.23,0.173,0.317,0.206,0.24,0.39,0.97,1
